{"50%_strain": {"Stress": "{\"0\":0.0022877406,\"1\":-0.0045754811,\"2\":-0.0022877406,\"3\":-0.0045754811,\"4\":-0.0022877406,\"5\":-0.0022877406,\"6\":-0.0045754811,\"7\":-0.0091509623,\"8\":-0.0045754811,\"9\":-0.0068632217,\"10\":-0.0022877406,\"11\":-0.0045754811,\"12\":-0.0068632217,\"13\":-0.0045754811,\"14\":-0.0022877406,\"15\":-0.0022877406,\"16\":0.0,\"17\":-0.0022877406,\"18\":-0.0022877406,\"19\":0.0,\"20\":-0.0022877406,\"21\":-0.0022877406,\"22\":-0.0022877406,\"23\":0.0,\"24\":-0.0022877406,\"25\":-0.0068632217,\"26\":0.0,\"27\":-0.0022877406,\"28\":-0.0022877406,\"29\":-0.0022877406,\"30\":-0.0045754811,\"31\":-0.0022877406,\"32\":-0.0045754811,\"33\":-0.0045754811,\"34\":-0.0022877406,\"35\":-0.0022877406,\"36\":-0.0068632217,\"37\":-0.0022877406,\"38\":-0.0022877406,\"39\":-0.0045754811,\"40\":-0.0045754811,\"41\":-0.0022877406,\"42\":-0.0022877406,\"43\":-0.0022877406,\"44\":0.0,\"45\":-0.0045754811,\"46\":-0.0045754811,\"47\":0.0,\"48\":0.0022877406,\"49\":0.0,\"50\":0.0,\"51\":-0.0045754811,\"52\":0.0022877406,\"53\":-0.0045754811,\"54\":0.0,\"55\":0.0022877406,\"56\":-0.0022877406,\"57\":0.0,\"58\":-0.0022877406,\"59\":-0.0045754811,\"60\":-0.0045754811,\"61\":-0.0068632217,\"62\":0.0045754811,\"63\":0.0,\"64\":-0.0068632217,\"65\":0.0,\"66\":-0.0045754811,\"67\":0.0,\"68\":-0.0022877406,\"69\":-0.0022877406,\"70\":0.0,\"71\":0.0,\"72\":-0.0091509623,\"73\":0.0022877406,\"74\":-0.0022877406,\"75\":0.0,\"76\":0.0,\"77\":0.0,\"78\":0.0,\"79\":-0.0022877406,\"80\":-0.0045754811,\"81\":0.0,\"82\":-0.0022877406,\"83\":-0.0045754811,\"84\":0.0,\"85\":0.0022877406,\"86\":0.0,\"87\":0.0,\"88\":0.0022877406,\"89\":0.0,\"90\":0.0,\"91\":0.0,\"92\":0.0,\"93\":0.0,\"94\":0.0,\"95\":0.0,\"96\":0.0,\"97\":0.0,\"98\":0.0022877406,\"99\":0.0022877406,\"100\":0.0,\"101\":0.0022877406,\"102\":0.0045754811,\"103\":0.0,\"104\":0.0045754811,\"105\":0.0,\"106\":0.0045754811,\"107\":0.0045754811,\"108\":0.0,\"109\":0.0068632217,\"110\":0.0022877406,\"111\":0.0068632217,\"112\":0.0068632217,\"113\":0.0022877406,\"114\":0.0022877406,\"115\":0.0045754811,\"116\":0.0091509623,\"117\":0.0045754811,\"118\":0.0068632217,\"119\":0.0022877406,\"120\":0.0068632217,\"121\":0.0091509623,\"122\":0.0068632217,\"123\":0.0068632217,\"124\":0.0045754811,\"125\":0.0045754811,\"126\":0.0068632217,\"127\":0.0045754811,\"128\":0.0091509623,\"129\":0.0125825731,\"130\":0.0125825731,\"131\":0.0125825731,\"132\":0.0091509623,\"133\":0.0091509623,\"134\":0.0125825731,\"135\":0.0125825731,\"136\":0.0148703137,\"137\":0.0148703137,\"138\":0.0148703137,\"139\":0.0171580543,\"140\":0.0171580543,\"141\":0.0148703137,\"142\":0.0091509623,\"143\":0.0125825731,\"144\":0.0148703137,\"145\":0.0171580543,\"146\":0.0194457948,\"147\":0.0194457948,\"148\":0.0125825731,\"149\":0.0194457948,\"150\":0.0171580543}", "Strain": "{\"0\":0.0,\"1\":0.0032743972,\"2\":0.0068638936,\"3\":0.010115929,\"4\":0.0136809951,\"5\":0.0169109721,\"6\":0.0204519383,\"7\":0.0236601541,\"8\":0.027177344,\"9\":0.0306822066,\"10\":0.0338578205,\"11\":0.0373393876,\"12\":0.0404939643,\"13\":0.0439525435,\"14\":0.0470863599,\"15\":0.0498984224,\"16\":0.0530136897,\"17\":0.0564293117,\"18\":0.0601421872,\"19\":0.0635335887,\"20\":0.0669135274,\"21\":0.0702820806,\"22\":0.0739439705,\"23\":0.0772889637,\"24\":0.0806228053,\"25\":0.0839455693,\"26\":0.087257329,\"27\":0.0905581572,\"28\":0.0941466778,\"29\":0.0974248807,\"30\":0.1000990764,\"31\":0.1033578557,\"32\":0.1066060499,\"33\":0.1101375427,\"34\":0.1136566079,\"35\":0.1168715749,\"36\":0.1203670634,\"37\":0.123560563,\"38\":0.1270327887,\"39\":0.1304929998,\"40\":0.1336543762,\"41\":0.1370917901,\"42\":0.1405174286,\"43\":0.1436473216,\"44\":0.1470506147,\"45\":0.1498778714,\"46\":0.152978649,\"47\":0.1563503859,\"48\":0.1599903171,\"49\":0.1633385345,\"50\":0.1666755787,\"51\":0.1702781876,\"52\":0.1735921923,\"53\":0.1771700136,\"54\":0.1804612947,\"55\":0.1837417788,\"56\":0.1872835343,\"57\":0.1905417506,\"58\":0.1937893854,\"59\":0.1970265072,\"60\":0.1999846914,\"61\":0.2032018524,\"62\":0.2064086964,\"63\":0.2098712115,\"64\":0.2133217789,\"65\":0.2167604809,\"66\":0.2201873987,\"67\":0.2236026129,\"68\":0.227006203,\"69\":0.230398248,\"70\":0.2337788259,\"71\":0.237148014,\"72\":0.2405058888,\"73\":0.243852526,\"74\":0.2471880005,\"75\":0.2500016614,\"76\":0.2530621076,\"77\":0.2566208302,\"78\":0.2599140567,\"79\":0.2634485214,\"80\":0.2669705376,\"81\":0.2702299112,\"82\":0.2737281657,\"83\":0.2769656233,\"84\":0.2804404345,\"85\":0.2839032131,\"86\":0.287107949,\"87\":0.2905477558,\"88\":0.2939757709,\"89\":0.2971484399,\"90\":0.30006815,\"91\":0.3029793602,\"92\":0.3066064951,\"93\":0.3099799923,\"94\":0.3133421472,\"95\":0.316931956,\"96\":0.3202708573,\"97\":0.3235986474,\"98\":0.3269154,\"99\":0.3304568982,\"100\":0.3337510188,\"101\":0.3370343239,\"102\":0.340540229,\"103\":0.3438013547,\"104\":0.34705188,\"105\":0.3500607932,\"106\":0.3530606801,\"107\":0.3565109423,\"108\":0.3599493411,\"109\":0.3633759578,\"110\":0.3667908729,\"111\":0.370194166,\"112\":0.3735859161,\"113\":0.376966201,\"114\":0.380335098,\"115\":0.3836926837,\"116\":0.3870390337,\"117\":0.3903742231,\"118\":0.3939195403,\"119\":0.3972318984,\"120\":0.4000937606,\"121\":0.4029474559,\"122\":0.4064485535,\"123\":0.4099374363,\"124\":0.413414189,\"125\":0.4168788958,\"126\":0.4201161923,\"127\":0.423557796,\"128\":0.4269875957,\"129\":0.4304056721,\"130\":0.433812105,\"131\":0.4369951316,\"132\":0.4403792296,\"133\":0.4437519141,\"134\":0.4471132618,\"135\":0.450045201,\"136\":0.4529685692,\"137\":0.4565069223,\"138\":0.4598257389,\"139\":0.4633399544,\"140\":0.4666362079,\"141\":0.4701266128,\"142\":0.4736048772,\"143\":0.4768675228,\"144\":0.4803224597,\"145\":0.4835632971,\"146\":0.4869952173,\"147\":0.4904153997,\"148\":0.4936237441,\"149\":0.497021369,\"150\":0.5000097167}"},